{"cameraMode":{"drawMode":0,"name":"Shaded","section":"Shading Mode"},"sceneLighting":true,"audioPlay":false,"sceneViewState":{"m_AlwaysRefresh":false,"showFog":true,"showSkybox":true,"showFlares":true,"showImageEffects":true,"showParticleSystems":true,"showVisualEffectGraphs":true,"m_FxEnabled":true},"in2DMode":false,"pivot":{"x":13.070221900939942,"y":2.3089773654937746,"z":-5.902063369750977},"rotation":{"x":-0.0410025380551815,"y":0.2453444004058838,"z":-0.010385876521468163,"w":-0.9685296416282654},"size":2.4510021209716799,"orthographic":false}